{"cameraMode":{"drawMode":0,"name":"Shaded","section":"Shading Mode"},"sceneLighting":true,"audioPlay":false,"sceneViewState":{"showFog":true,"showMaterialUpdate":false,"showSkybox":true,"showFlares":true,"showImageEffects":true,"showParticleSystems":true},"in2DMode":false,"pivot":{"x":18.916854858398439,"y":-86.38794708251953,"z":355.76007080078127},"rotation":{"x":0.15929697453975678,"y":-0.48759451508522036,"z":0.09099650382995606,"w":0.8535804152488709},"size":331.1652526855469,"orthographic":false}