{"cameraMode":{"drawMode":0,"name":"Shaded","section":"Shading Mode"},"sceneLighting":true,"audioPlay":false,"sceneViewState":{"showFog":true,"showMaterialUpdate":false,"showSkybox":false,"showFlares":true,"showImageEffects":true,"showParticleSystems":true},"in2DMode":false,"pivot":{"x":206.04281616210938,"y":1.3296098709106446,"z":193.9491424560547},"rotation":{"x":-0.16494712233543397,"y":0.11307253688573837,"z":-0.019010029733181,"w":-0.9796242117881775},"size":0.23568123579025269,"orthographic":false}