{"cameraMode":{"drawMode":0,"name":"Shaded","section":"Shading Mode"},"sceneLighting":true,"audioPlay":false,"sceneViewState":{"showFog":true,"showMaterialUpdate":false,"showSkybox":true,"showFlares":true,"showImageEffects":true,"showParticleSystems":true},"in2DMode":false,"pivot":{"x":214.90652465820313,"y":11.247154235839844,"z":225.5399932861328},"rotation":{"x":-0.13314414024353028,"y":-0.6830963492393494,"z":0.12878403067588807,"w":-0.7064628601074219},"size":12.834539413452149,"orthographic":false}