{"cameraMode":{"drawMode":0,"name":"Shaded","section":"Shading Mode"},"sceneLighting":false,"audioPlay":false,"sceneViewState":{"showFog":true,"showMaterialUpdate":false,"showSkybox":false,"showFlares":true,"showImageEffects":true,"showParticleSystems":true},"in2DMode":false,"pivot":{"x":12.033468246459961,"y":16.175899505615236,"z":1.2238073348999024},"rotation":{"x":-0.13314414024353028,"y":-0.6830963492393494,"z":0.12878403067588807,"w":-0.7064628601074219},"size":22.333709716796876,"orthographic":false}