{"cameraMode":{"drawMode":0,"name":"Shaded","section":"Shading Mode"},"sceneLighting":true,"audioPlay":false,"sceneViewState":{"showFog":true,"showMaterialUpdate":false,"showSkybox":true,"showFlares":true,"showImageEffects":true,"showParticleSystems":true},"in2DMode":false,"pivot":{"x":205.18499755859376,"y":-1.5756721496582032,"z":198.6714324951172},"rotation":{"x":0.2072683423757553,"y":0.01613064482808113,"z":-0.0034492965787649156,"w":0.9781526327133179},"size":7.166597843170166,"orthographic":false}