{"cameraMode":{"drawMode":0,"name":"Shaded","section":"Shading Mode"},"sceneLighting":false,"audioPlay":false,"sceneViewState":{"showFog":true,"showMaterialUpdate":false,"showSkybox":false,"showFlares":true,"showImageEffects":true,"showParticleSystems":true},"in2DMode":false,"pivot":{"x":-0.08999991416931153,"y":5.090217590332031,"z":-3.6108322143554689},"rotation":{"x":0.01712203398346901,"y":-0.9762243628501892,"z":0.19922134280204774,"w":0.08394218236207962},"size":24.62090301513672,"orthographic":false}