{"cameraMode":{"drawMode":0,"name":"Shaded","section":"Shading Mode"},"sceneLighting":true,"audioPlay":false,"sceneViewState":{"showFog":true,"showMaterialUpdate":false,"showSkybox":true,"showFlares":true,"showImageEffects":true,"showParticleSystems":true},"in2DMode":false,"pivot":{"x":-65.14776611328125,"y":-143.0684356689453,"z":312.7062072753906},"rotation":{"x":-0.15906794369220735,"y":0.5861992835998535,"z":-0.11871595680713654,"w":-0.7854955792427063},"size":413.36871337890627,"orthographic":false}